,State,District,Latitude,Longitude,District code,State name,Population,Male_Literate,Female_Literate,sex_ratio,literacy_rate
0,Andhra Pradesh,Adilabad,19.284513950073435,78.81321233480176,532,ANDHRA PRADESH,2741239,856350,626997,100.0,54.0
1,Andhra Pradesh,Anantapur,14.312065561843148,77.4601584478577,553,ANDHRA PRADESH,4081148,1338474,972486,98.0,57.0
2,Andhra Pradesh,Chittoor,13.33109263067696,78.92763898886037,554,ANDHRA PRADESH,4174064,1484794,1183084,100.0,64.0
3,Andhra Pradesh,East Godavari,16.782718320784902,82.2432074720511,545,ANDHRA PRADESH,5154296,1716933,1571644,101.0,64.0
4,Andhra Pradesh,Guntur,15.884925767634847,80.58657614107885,548,ANDHRA PRADESH,4887813,1634726,1325715,100.0,61.0
5,Andhra Pradesh,Hyderabad,17.38971555555556,78.46668888888888,536,ANDHRA PRADESH,3943323,1542688,1349467,95.0,73.0
6,Andhra Pradesh,Karimnagar,18.515483193277312,79.43765428571413,534,ANDHRA PRADESH,3776269,1257238,949591,101.0,58.0
7,Andhra Pradesh,Khammam,17.683921325051784,80.67008643892335,541,ANDHRA PRADESH,2797370,901640,728594,101.0,58.0
8,Andhra Pradesh,Krishna,16.143872753151673,81.14805061000413,547,ANDHRA PRADESH,4517398,1598959,1410759,99.0,67.0
9,Andhra Pradesh,Kurnool,15.43759715142429,77.90086836581717,552,ANDHRA PRADESH,4053463,1246369,880792,99.0,52.0
10,Andhra Pradesh,Mahbubnagar,16.639546224256293,77.98933089244859,538,ANDHRA PRADESH,4053028,1158386,782260,98.0,48.0
11,Andhra Pradesh,Medak,17.889304978038055,78.13778901903379,535,ANDHRA PRADESH,3033288,953406,683731,99.0,54.0
12,Andhra Pradesh,Nalgonda,17.113250515463907,79.16984453608244,539,ANDHRA PRADESH,3488809,1160757,840262,98.0,57.0
13,Andhra Pradesh,Nizamabad,18.429485849056604,78.07523490566035,533,ANDHRA PRADESH,2551335,790214,599596,104.0,54.0
14,Andhra Pradesh,Prakasam,15.489039001601704,80.11665790176184,549,ANDHRA PRADESH,3397448,1107686,796749,98.0,56.0
15,Andhra Pradesh,Srikakulam,18.570900998697432,84.25874814010675,542,ANDHRA PRADESH,2703114,857824,637557,101.0,55.0
16,Andhra Pradesh,Vizianagaram,18.28329696032972,83.45982854198873,543,ANDHRA PRADESH,2344474,707503,530885,102.0,53.0
17,Andhra Pradesh,Warangal,18.01752608695651,79.87422028985509,540,ANDHRA PRADESH,3512576,1179790,885233,100.0,59.0
18,Andhra Pradesh,West Godavari,16.63297943925236,81.45912990654196,546,ANDHRA PRADESH,3936966,1379223,1273166,100.0,67.0
19,Arunachal Pradesh,Changlang,27.36048479338845,96.37552644628106,253,ARUNACHAL PRADESH,148226,44027,29147,93.0,49.0
20,Arunachal Pradesh,East Kameng,27.371194055944056,93.04741486013997,247,ARUNACHAL PRADESH,78690,21599,16850,103.0,49.0
21,Arunachal Pradesh,East Siang,28.15382352941176,95.06499226006191,251,ARUNACHAL PRADESH,99214,34210,28366,98.0,63.0
22,Arunachal Pradesh,Kurung Kumey,28.04853351800553,93.24531994459834,256,ARUNACHAL PRADESH,92076,20258,16348,103.0,40.0
23,Arunachal Pradesh,Lohit,27.946785273972623,96.59670770547945,259,ARUNACHAL PRADESH,145726,48380,34682,91.0,57.0
24,Arunachal Pradesh,Lower Dibang Valley,28.32651730103806,95.76567335640142,258,ARUNACHAL PRADESH,54080,18087,13762,93.0,59.0
25,Arunachal Pradesh,Lower Subansiri,27.70849297297297,93.96226108108112,255,ARUNACHAL PRADESH,83030,29470,24587,98.0,65.0
26,Arunachal Pradesh,Papum Pare,27.273529716981127,93.54468183962264,248,ARUNACHAL PRADESH,176573,65794,55254,98.0,69.0
27,Arunachal Pradesh,Tawang,27.680683962264148,91.82504245283016,245,ARUNACHAL PRADESH,49977,17720,8353,71.0,52.0
28,Arunachal Pradesh,Tirap,26.94406229508198,95.41470327868862,254,ARUNACHAL PRADESH,111975,29313,18661,94.0,43.0
29,Arunachal Pradesh,Upper Siang,28.8309244897959,95.00155765306124,252,ARUNACHAL PRADESH,35320,10723,7472,89.0,52.0
30,Arunachal Pradesh,Upper Subansiri,28.277196566523585,93.8991435622318,249,ARUNACHAL PRADESH,83448,24807,20471,100.0,54.0
31,Arunachal Pradesh,West Kameng,27.46486582278483,92.65015750452083,246,ARUNACHAL PRADESH,83947,29566,18926,82.0,58.0
32,Arunachal Pradesh,West Siang,28.106296920289843,94.53510344202908,250,ARUNACHAL PRADESH,112274,36777,27969,93.0,58.0
33,Assam,Barpeta,26.427872264631056,90.97912010178116,303,ASSAM,1693622,499038,398020,95.0,53.0
34,Assam,Bongaigaon,26.45012521994133,90.6734296187684,319,ASSAM,738804,237114,196964,97.0,59.0
35,Assam,Cachar,24.815570668693017,92.86849650455927,316,ASSAM,1736617,639946,534182,96.0,68.0
36,Assam,Darrang,26.58463215962442,92.04141338028155,325,ASSAM,928500,268666,218373,95.0,52.0
37,Assam,Dhemaji,27.586533438485816,94.71336908517353,308,ASSAM,686133,237761,185267,95.0,62.0
38,Assam,Dibrugarh,27.30612284482757,95.0998282327587,310,ASSAM,1326335,491361,393170,96.0,67.0
39,Assam,Goalpara,26.017277777777807,90.59869891598912,302,ASSAM,1008183,304302,259275,96.0,56.0
40,Assam,Golaghat,26.377219709794485,93.82583397823468,313,ASSAM,1066888,396475,325289,96.0,68.0
41,Assam,Hailakandi,24.457496089385486,92.59154664804475,318,ASSAM,659296,226836,180530,95.0,62.0
42,Assam,Jorhat,26.76244824016563,94.30197722567289,312,ASSAM,1092256,432335,362594,96.0,73.0
43,Assam,Kamrup,26.170939452054807,91.58863273972592,321,ASSAM,1517542,550219,445100,95.0,66.0
44,Assam,Karbi Anglong,26.08966454598031,93.11536570271832,314,ASSAM,956313,314253,242961,95.0,58.0
45,Assam,Karimganj,24.69660712250711,92.3679498575498,317,ASSAM,1228686,435942,359355,96.0,65.0
46,Assam,Kokrajhar,26.497246635730868,90.13997470997688,300,ASSAM,887142,275220,214085,96.0,55.0
47,Assam,Lakhimpur,27.14128805970149,94.0775949253732,307,ASSAM,1042137,375552,307934,97.0,66.0
48,Assam,Nagaon,26.26462170626351,92.9306191144708,305,ASSAM,2823768,921850,788866,96.0,61.0
49,Assam,Nalbari,26.46323767605632,91.40598521126763,323,ASSAM,771639,293184,238587,95.0,69.0
50,Assam,Sonitpur,26.73514926829268,92.85197804878044,306,ASSAM,1924110,620525,488047,96.0,58.0
51,Assam,Tinsukia,27.53549291139241,95.69055949367085,309,ASSAM,1327929,453449,344873,95.0,60.0
52,Bihar,Araria,26.211528119180603,87.30766554934816,209,BIHAR,2811569,727643,468125,92.0,43.0
53,Bihar,Aurangabad,24.774291867469877,84.45986024096379,235,BIHAR,2540073,868733,597269,93.0,58.0
54,Bihar,Aurangabad,24.774291867469877,84.45986024096379,515,MAHARASHTRA,3701282,1430936,1072901,92.0,68.0
55,Bihar,Banka,24.832355642023337,86.8664916342413,225,BIHAR,2034763,590961,374360,91.0,47.0
56,Bihar,Begusarai,25.54302613168723,86.12560144032932,222,BIHAR,2970541,918507,630166,89.0,52.0
57,Bihar,Bhagalpur,25.277192885375477,87.04213814229242,224,BIHAR,3037766,937669,635397,88.0,52.0
58,Bihar,Bhojpur,25.50666439393939,84.49407803030304,231,BIHAR,2728407,973486,625665,91.0,59.0
59,Bihar,Buxar,25.48593018867924,84.08808081760995,232,BIHAR,1706352,593544,396263,92.0,58.0
60,Bihar,Darbhanga,26.146187719298258,85.97387352472099,215,BIHAR,3937385,1125566,691068,91.0,46.0
61,Bihar,Gaya,24.7266541547278,84.94291217765044,236,BIHAR,4391418,1368803,928810,94.0,52.0
62,Bihar,Gopalganj,26.44874364161851,84.34636127167629,217,BIHAR,2562012,793905,589093,102.0,54.0
63,Bihar,Jamui,24.78418380462726,86.26316298200514,238,BIHAR,1760405,534385,324203,92.0,49.0
64,Bihar,Jehanabad,25.155679045643165,84.9208124481328,239,BIHAR,1125313,374412,244469,92.0,55.0
65,Bihar,Katihar,25.56565356037151,87.70466083591326,212,BIHAR,3071029,762256,517934,92.0,42.0
66,Bihar,Khagaria,25.53558891454964,86.56593256351037,223,BIHAR,1666886,461153,306875,89.0,46.0
67,Bihar,Kishanganj,26.324336758321294,87.95045007235886,210,BIHAR,1690400,439921,305135,95.0,44.0
68,Bihar,Lakhisarai,25.183449321266963,86.12825701357468,227,BIHAR,1000912,305182,202088,90.0,51.0
69,Bihar,Madhepura,25.77341929460581,86.8978443983403,213,BIHAR,2001762,517666,316911,91.0,42.0
70,Bihar,Madhubani,26.41380538172716,86.16328360450552,207,BIHAR,4487379,1340085,815253,93.0,48.0
71,Bihar,Munger,25.198537962962963,86.54173672839504,226,BIHAR,1367765,473741,328076,88.0,59.0
72,Bihar,Muzaffarpur,26.18664417177915,85.32745092024543,216,BIHAR,4801062,1487117,1022115,90.0,52.0
73,Bihar,Nalanda,25.229345508982053,85.48053113772461,229,BIHAR,2877653,919558,600375,92.0,53.0
74,Bihar,Nawada,24.825708836206903,85.61594568965519,237,BIHAR,2219146,659474,431538,94.0,49.0
75,Bihar,Pashchim Champaran,27.16064352201258,84.30265911949685,203,BIHAR,3935042,1091226,668255,91.0,45.0
76,Bihar,Patna,25.40297114503818,85.3198433587787,230,BIHAR,5838465,2028047,1431632,90.0,59.0
77,Bihar,Purba Champaran,26.68129336734693,85.00382155612242,204,BIHAR,5099371,1407603,869354,90.0,45.0
78,Bihar,Purnia,25.81714801901739,87.40447606973065,211,BIHAR,3264619,805261,527065,92.0,41.0
79,Bihar,Rohtas,24.99170460829495,83.9350762672811,234,BIHAR,2959918,1061783,738049,92.0,61.0
80,Bihar,Saharsa,25.821270696721303,86.54670819672135,214,BIHAR,1900661,506374,298622,91.0,42.0
81,Bihar,Samastipur,25.793205563909765,85.94833323308269,221,BIHAR,4261566,1293575,849305,91.0,50.0
82,Bihar,Saran,25.89656077844312,84.82266287425155,219,BIHAR,3951862,1285767,871687,95.0,55.0
83,Bihar,Sheikhpura,25.12472436548223,85.77839390862943,228,BIHAR,636342,196431,132245,93.0,52.0
84,Bihar,Sheohar,26.458380748663107,85.29539411764709,205,BIHAR,656246,171645,112053,89.0,43.0
85,Bihar,Sitamarhi,26.56570069686413,85.61172491289203,206,BIHAR,3423574,885188,551606,90.0,42.0
86,Bihar,Siwan,26.1736372013652,84.33766552901022,218,BIHAR,3330464,1115906,814269,99.0,58.0
87,Bihar,Supaul,26.28157893772896,86.78496465201461,208,BIHAR,2229076,647672,385611,93.0,46.0
88,Bihar,Vaishali,25.8134703180212,85.39247597173153,220,BIHAR,3495021,1152576,774164,89.0,55.0
89,Chandigarh,Chandigarh,30.7426,76.75872465753424,55,CHANDIGARH,1055450,465346,340092,82.0,76.0
90,Chhattisgarh,Bastar,19.393866751269048,81.52895126903546,414,CHHATTISGARH,1413199,382335,268528,102.0,46.0
91,Chhattisgarh,Bilaspur,22.356942982456143,81.99770350877188,30,HIMACHAL PRADESH,381956,155599,132021,98.0,75.0
92,Chhattisgarh,Bilaspur,22.356942982456143,81.99770350877188,406,CHHATTISGARH,2663629,932474,664086,97.0,60.0
93,Chhattisgarh,Dhamtari,20.554912627291245,81.7569195519348,412,CHHATTISGARH,799781,303924,242909,101.0,68.0
94,Chhattisgarh,Durg,21.194463849287164,81.33181639511197,409,CHHATTISGARH,3343872,1284612,1018766,99.0,69.0
95,Chhattisgarh,Jashpur,22.77286167664669,83.8703962075848,402,CHHATTISGARH,851669,280656,214759,101.0,58.0
96,Chhattisgarh,Korba,22.491712499999995,82.57604326923074,404,CHHATTISGARH,1206640,433391,315368,97.0,62.0
97,Chhattisgarh,Koriya,23.50412776859501,82.12515636363635,400,CHHATTISGARH,658917,229923,167900,97.0,60.0
98,Chhattisgarh,Mahasamund,21.223727037773354,82.65925427435384,411,CHHATTISGARH,1032754,364089,273874,102.0,62.0
99,Chhattisgarh,Raigarh,22.008265068493166,83.27797698630134,403,CHHATTISGARH,1493984,542756,408883,99.0,64.0
100,Chhattisgarh,Raigarh,22.008265068493166,83.27797698630134,520,MAHARASHTRA,2634200,1059692,880302,96.0,74.0
101,Chhattisgarh,Raipur,20.88603153846152,82.20032759615388,410,CHHATTISGARH,4063872,1493158,1136591,98.0,65.0
102,Chhattisgarh,Surguja,23.32719278728607,83.23582493887531,401,CHHATTISGARH,2359886,694686,493255,98.0,50.0
103,Daman and Diu,Daman,20.431616666666677,72.8392366071429,495,DAMAN AND DIU,191173,104316,46032,53.0,79.0
104,Daman and Diu,Junagadh,20.72568199498111,70.83985639899612,479,GUJARAT,2743082,1046981,795837,95.0,67.0
105,Goa,North Goa,15.548723418714054,73.80667997909038,585,GOA,818008,351738,311322,96.0,81.0
106,Goa,South Goa,15.195278658183785,73.941792596877,586,GOA,640537,264085,238342,99.0,78.0
107,Gujarat,Ahmadabad,22.605425564971743,72.23898135593227,474,GUJARAT,7214225,3025463,2410297,90.0,75.0
108,Gujarat,Amreli,21.04832649310872,71.43457637825426,480,GUJARAT,1514190,558180,437279,96.0,66.0
109,Gujarat,Anand,22.282718206229863,72.57782051557454,482,GUJARAT,2092745,874481,676772,92.0,74.0
110,Gujarat,Banas Kantha,24.258538965517253,71.93205252873561,469,GUJARAT,3120506,1048402,656521,94.0,55.0
111,Gujarat,Bharuch,21.75787276237761,72.67326346710801,488,GUJARAT,1551019,623047,495229,93.0,72.0
112,Gujarat,Bhavnagar,21.70219390341736,72.16272632761141,481,GUJARAT,2880365,1087371,799884,93.0,66.0
113,Gujarat,Gandhinagar,23.193679790026252,72.67221679790026,473,GUJARAT,1391753,582686,447808,92.0,74.0
114,Gujarat,Jamnagar,22.410600414263328,69.62062005768233,477,GUJARAT,2160119,795140,601394,94.0,65.0
115,Gujarat,Junagadh,20.929523011609785,70.54733890140345,479,GUJARAT,2743082,1046981,795837,95.0,67.0
116,Gujarat,Kachchh,23.48057203301311,68.82192301497916,468,GUJARAT,2092371,739239,513080,91.0,60.0
117,Gujarat,Kheda,22.88765312500002,73.018803515625,483,GUJARAT,2299885,942480,717763,94.0,72.0
118,Gujarat,Mahesana,23.529355452865065,72.45545194085031,471,GUJARAT,2035064,847499,655146,93.0,74.0
119,Gujarat,Narmada,21.70666386292833,73.68403208722742,487,GUJARAT,590297,211767,158569,96.0,63.0
120,Gujarat,Navsari,20.866973318871995,72.86184869848157,490,GUJARAT,1329672,539471,462438,96.0,75.0
121,Gujarat,Panch Mahals,22.80435606837605,73.61984598290586,484,GUJARAT,2390776,858054,582751,95.0,60.0
122,Gujarat,Patan,23.80634198473284,71.75162977099237,470,GUJARAT,1343734,494631,343282,94.0,62.0
123,Gujarat,Porbandar,21.55092351651571,69.71896987722886,478,GUJARAT,585449,221621,172057,95.0,67.0
124,Gujarat,Rajkot,22.40603377715488,70.83679439383323,476,GUJARAT,3804558,1514075,1210981,93.0,72.0
125,Gujarat,Sabar Kantha,23.71803594548552,73.13638790459964,472,GUJARAT,2428589,918625,660109,95.0,65.0
126,Gujarat,Surat,21.25761372772093,72.93488716344339,492,GUJARAT,6081322,2687468,1883942,79.0,75.0
127,Gujarat,Surendranagar,22.82672007299272,71.48358740875906,475,GUJARAT,1756268,643221,450405,93.0,62.0
128,Gujarat,The Dangs,20.801633877551023,73.6883518367347,489,GUJARAT,228291,77314,63654,101.0,62.0
129,Gujarat,Vadodara,22.26133739279589,73.49433010291594,486,GUJARAT,4165626,1614087,1278993,93.0,69.0
130,Gujarat,Valsad,20.44238231644259,72.9148584798345,491,GUJARAT,1705678,655528,515129,92.0,69.0
131,Haryana,Ambala,30.3503672316384,76.94970310734456,70,HARYANA,1128350,461288,356737,88.0,72.0
132,Haryana,Bhiwani,28.728868064516128,76.02110225806452,81,HARYANA,1634445,643158,426713,89.0,65.0
133,Haryana,Faridabad,28.14873109756098,77.32718536585368,88,HARYANA,1809733,734940,537799,87.0,70.0
134,Haryana,Fatehabad,29.57298318584072,75.54608716814157,78,HARYANA,942011,327471,230107,90.0,59.0
135,Haryana,Gurgaon,28.043894789579163,77.01935130260523,86,HARYANA,1514432,638666,472450,85.0,73.0
136,Haryana,Hisar,29.23628731117825,75.84324682779452,80,HARYANA,1743931,670200,444111,87.0,64.0
137,Haryana,Jhajjar,28.59651868131869,76.61137142857145,83,HARYANA,958405,399480,276611,86.0,71.0
138,Haryana,Jind,29.45149821958457,76.29598575667653,77,HARYANA,1334152,502049,330709,87.0,62.0
139,Haryana,Kaithal,29.96068539094649,76.37698930041155,73,HARYANA,1074304,385782,260747,88.0,60.0
140,Haryana,Karnal,29.703200647249204,76.87488025889972,74,HARYANA,1505324,564516,413497,89.0,65.0
141,Haryana,Kurukshetra,30.05652659846548,76.78774680306903,72,HARYANA,964655,370828,276065,89.0,67.0
142,Haryana,Mahendragarh,28.1352161458333,76.14018072916659,84,HARYANA,922088,380440,249815,89.0,68.0
143,Haryana,Panchkula,30.700897142857134,76.97173238095236,69,HARYANA,561293,229862,175456,87.0,72.0
144,Haryana,Panipat,29.34352134146342,76.92895914634147,75,HARYANA,1205437,464136,322463,86.0,65.0
145,Haryana,Rewari,28.19164714828897,76.55956007604564,85,HARYANA,900332,375453,261494,90.0,71.0
146,Haryana,Rohtak,28.892517647058817,76.53123235294117,82,HARYANA,1061204,436025,311557,87.0,70.0
147,Haryana,Sirsa,29.63583446327684,74.90970480225988,79,HARYANA,1295189,456968,325929,90.0,60.0
148,Himachal Pradesh,Bilaspur,31.3780422907489,76.65316079295157,30,HIMACHAL PRADESH,381956,155599,132021,98.0,75.0
149,Himachal Pradesh,Bilaspur,31.3780422907489,76.65316079295157,406,CHHATTISGARH,2663629,932474,664086,97.0,60.0
150,Himachal Pradesh,Chamba,32.66741814595661,76.39354063116366,23,HIMACHAL PRADESH,519080,186064,137778,99.0,62.0
151,Himachal Pradesh,Hamirpur,31.67668481012659,76.49767088607594,28,HIMACHAL PRADESH,454768,180555,177536,110.0,79.0
152,Himachal Pradesh,Hamirpur,31.67668481012659,76.49767088607594,168,UTTAR PRADESH,1104285,408125,245174,86.0,59.0
153,Himachal Pradesh,Kangra,32.14093603238864,76.41205910931173,24,HIMACHAL PRADESH,1510075,606443,546197,101.0,76.0
154,Himachal Pradesh,Kinnaur,31.60667184065933,78.51613736263741,34,HIMACHAL PRADESH,84121,36697,24002,82.0,72.0
155,Himachal Pradesh,Kullu,31.90911922077925,77.40922649350647,26,HIMACHAL PRADESH,437903,174550,133122,94.0,70.0
156,Himachal Pradesh,Mandi,31.635805940594054,76.96556930693067,27,HIMACHAL PRADESH,999777,393669,330078,101.0,72.0
157,Himachal Pradesh,Shimla,31.155725451807253,77.62573042168668,33,HIMACHAL PRADESH,814010,342846,269796,92.0,75.0
158,Himachal Pradesh,Sirmaur,30.682764453961443,77.43184689507493,32,HIMACHAL PRADESH,529855,205617,157028,92.0,68.0
159,Himachal Pradesh,Solan,31.03864311926604,76.94442140672783,31,HIMACHAL PRADESH,580320,244372,184206,88.0,74.0
160,Himachal Pradesh,Una,31.58330388349513,76.18353932038836,29,HIMACHAL PRADESH,521173,213281,186434,98.0,77.0
161,Jammu and Kashmir,Doda,33.359614675767915,76.07163720136518,16,JAMMU AND KASHMIR,409936,138620,80463,92.0,53.0
162,Jammu and Kashmir,Jammu,32.713199095022645,74.8477520361991,21,JAMMU AND KASHMIR,1529958,641916,495219,88.0,74.0
163,Jammu and Kashmir,Kargil,33.565994894894914,76.63675315315312,4,JAMMU AND KASHMIR,140802,56301,29935,81.0,61.0
164,Jammu and Kashmir,Kathua,32.51781678321678,75.58901398601404,7,JAMMU AND KASHMIR,616435,228499,160705,89.0,63.0
165,Jammu and Kashmir,Pulwama,33.88414418604652,75.00921860465118,12,JAMMU AND KASHMIR,560440,178326,115632,91.0,52.0
166,Jammu and Kashmir,Punch,33.791241290322574,74.29593161290322,5,JAMMU AND KASHMIR,476835,163333,98391,89.0,55.0
167,Jammu and Kashmir,Srinagar,34.27312898550724,75.11021159420288,10,JAMMU AND KASHMIR,1236829,431746,316838,90.0,61.0
168,Jammu and Kashmir,Udhampur,33.04770670731707,75.15286951219511,19,JAMMU AND KASHMIR,554985,197543,124811,87.0,58.0
169,Jharkhand,Bokaro,23.6814965034965,85.98398374125864,355,JHARKHAND,2062330,759088,514432,92.0,62.0
170,Jharkhand,Chatra,24.11619945750453,84.93295804701627,347,JHARKHAND,1042886,303902,206159,95.0,49.0
171,Jharkhand,Deoghar,24.33070100755672,86.75697632241814,350,JHARKHAND,1492073,489837,303701,93.0,53.0
172,Jharkhand,Dhanbad,23.854509090909097,86.40372924901185,354,JHARKHAND,2684487,1014950,707254,91.0,64.0
173,Jharkhand,Dumka,24.275006125574265,87.27662450229711,362,JHARKHAND,1321442,406275,266134,98.0,51.0
174,Jharkhand,Garhwa,24.082114689265527,83.68664265536722,346,JHARKHAND,1322784,405161,248315,94.0,49.0
175,Jharkhand,Giridih,24.30578509874329,86.08710915619386,349,JHARKHAND,2445474,783736,469739,94.0,51.0
176,Jharkhand,Godda,24.8189,87.2941735483871,351,JHARKHAND,1313551,376212,228307,94.0,46.0
177,Jharkhand,Gumla,23.078532948929148,84.55056787479396,366,JHARKHAND,1025213,321795,237925,99.0,55.0
178,Jharkhand,Jamtara,23.97873318077801,86.95325080091534,363,JHARKHAND,791042,258260,168052,95.0,54.0
179,Jharkhand,Latehar,23.72511185840708,84.48298743362837,359,JHARKHAND,726978,209706,140976,97.0,48.0
180,Jharkhand,Lohardaga,23.488796043165483,84.6605169064748,356,JHARKHAND,461790,149568,110139,99.0,56.0
181,Jharkhand,Pakur,24.57260428082189,87.69691969178076,353,JHARKHAND,900422,206989,145892,99.0,39.0
182,Jharkhand,Palamu,24.196925968109337,84.20310842824594,358,JHARKHAND,1939869,621706,402857,93.0,53.0
183,Jharkhand,Ranchi,23.184235061391547,85.31781937244203,364,JHARKHAND,2914253,1085244,826189,95.0,66.0
184,Jharkhand,Sahibganj,24.93667989690721,87.68264097938142,352,JHARKHAND,1150567,287303,195960,95.0,42.0
185,Jharkhand,Simdega,22.608760391198054,84.59193691931536,367,JHARKHAND,599578,191991,151492,100.0,57.0
186,Karnataka,Bagalkot,16.15860676328503,75.64526070853468,556,KARNATAKA,1889752,641388,472024,99.0,59.0
187,Karnataka,Bangalore Rural,12.936827087794448,77.47369314775169,583,KARNATAKA,990923,385311,303438,95.0,70.0
188,Karnataka,Belgaum,16.16107219152853,74.72329042357275,555,KARNATAKA,4779661,1725548,1326484,97.0,64.0
189,Karnataka,Bellary,15.074377548209377,76.47228471074374,565,KARNATAKA,2452595,813440,608181,98.0,58.0
190,Karnataka,Bidar,17.950361730769224,77.19459961538459,558,KARNATAKA,1703300,597198,445475,96.0,61.0
191,Karnataka,Bijapur,16.84015316666667,75.95909166666665,417,CHHATTISGARH,255230,54076,32843,98.0,34.0
192,Karnataka,Bijapur,16.84015316666667,75.95909166666665,557,KARNATAKA,2177331,730566,517702,96.0,57.0
193,Karnataka,Chikmagalur,13.425288289676422,75.67626502311249,570,KARNATAKA,1137961,438257,380088,101.0,72.0
194,Karnataka,Chitradurga,14.29102220394736,76.57821957236843,566,KARNATAKA,1659456,607188,480204,97.0,66.0
195,Karnataka,Davanagere,14.330414586709884,75.91723841166937,567,KARNATAKA,1945497,720637,587903,97.0,67.0
196,Karnataka,Dharwad,15.343831376975173,75.13831264108359,562,KARNATAKA,1847023,711776,589888,97.0,70.0
197,Karnataka,Gadag,15.507128256880746,75.64861302752298,561,KARNATAKA,1064570,397178,302999,98.0,66.0
198,Karnataka,Gulbarga,17.070459515951594,76.87503850385033,579,KARNATAKA,2566326,828359,599009,97.0,56.0
199,Karnataka,Hassan,12.945098749999998,76.11049549999997,574,KARNATAKA,1776421,668836,556420,101.0,69.0
200,Karnataka,Haveri,14.737582809224318,75.3961230607966,564,KARNATAKA,1597668,603793,481650,95.0,68.0
201,Karnataka,Kodagu,12.39684468085106,75.79336595744688,576,KARNATAKA,554519,215302,197575,102.0,74.0
202,Karnataka,Kolar,13.312799881235172,78.01376947743476,581,KARNATAKA,1536401,564110,452109,98.0,66.0
203,Karnataka,Koppal,15.651253271028034,76.1617048598131,560,KARNATAKA,1389920,468785,340300,99.0,58.0
204,Karnataka,Mandya,12.574901806239744,76.81570098522172,573,KARNATAKA,1805769,638668,510981,100.0,64.0
205,Karnataka,Mysore,12.248100259403367,76.52881802853437,577,KARNATAKA,3001127,1063766,898414,99.0,65.0
206,Karnataka,Raichur,16.050795353982295,76.87368606194688,559,KARNATAKA,1928812,577213,402556,100.0,51.0
207,Karnataka,Shimoga,14.063845885634592,75.17882078103197,568,KARNATAKA,1752753,674938,588078,100.0,72.0
208,Karnataka,Tumkur,13.592467760074973,77.02297966260545,571,KARNATAKA,2678980,1006024,807367,98.0,68.0
209,Karnataka,Udupi,13.450404228534568,74.72009990316337,569,KARNATAKA,1177361,465704,460725,109.0,79.0
210,Kerala,Alappuzha,9.542602965599087,76.38010796263319,598,KERALA,2127789,890552,962245,110.0,87.0
211,Kerala,Ernakulam,10.004879301987431,76.26957729035381,595,KERALA,3282388,1425723,1429953,103.0,87.0
212,Kerala,Idukki,9.80480963855423,77.04586641566264,596,KERALA,1108974,471881,451129,101.0,83.0
213,Kerala,Kannur,11.941523076923056,75.35209891725934,589,KERALA,2523003,1012956,1125478,114.0,85.0
214,Kerala,Kasaragod,12.33310309912974,75.07768497134369,588,KERALA,1307375,516476,521016,108.0,79.0
215,Kerala,Kollam,8.929388820570157,76.6360775852431,600,KERALA,2635375,1074345,1165928,111.0,85.0
216,Kerala,Kottayam,9.643701174068417,76.46059673302705,597,KERALA,1974551,861592,888206,104.0,89.0
217,Kerala,Kozhikode,11.392924270557026,75.71158720159153,591,KERALA,3086293,1266939,1348504,110.0,85.0
218,Kerala,Malappuram,10.97329875666072,75.93910775606876,592,KERALA,4112920,1597404,1713911,110.0,81.0
219,Kerala,Palakkad,10.784926903553291,76.49980490693744,593,KERALA,2809934,1122600,1116892,107.0,80.0
220,Kerala,Thiruvananthapuram,8.537101759082221,76.88711502868073,601,KERALA,3301427,1354857,1430551,109.0,84.0
221,Kerala,Thrissur,10.458932647907687,76.12321940836945,594,KERALA,3121200,1282261,1396287,111.0,86.0
222,Kerala,Wayanad,11.715277464788736,76.07587007042254,590,KERALA,817420,328136,317449,103.0,79.0
223,Madhya Pradesh,Anuppur,23.18184220430107,81.86560000000007,461,MADHYA PRADESH,749237,254120,182475,98.0,58.0
224,Madhya Pradesh,Ashoknagar,24.63098846153845,77.82974493927134,459,MADHYA PRADESH,845071,290304,178805,90.0,56.0
225,Madhya Pradesh,Balaghat,21.80020720640569,80.42170053380796,457,MADHYA PRADESH,1701698,626468,521155,102.0,67.0
226,Madhya Pradesh,Barwani,21.702135714285724,74.91004719710673,441,MADHYA PRADESH,1385881,313642,236284,98.0,40.0
227,Madhya Pradesh,Betul,21.964626315789477,77.7873428189117,447,MADHYA PRADESH,1575362,529783,409986,97.0,60.0
228,Madhya Pradesh,Bhind,26.35951126187245,78.7618324287653,420,MADHYA PRADESH,1703005,676513,418404,84.0,64.0
229,Madhya Pradesh,Bhopal,23.480726143790854,77.39246623093679,444,MADHYA PRADESH,2371061,920314,740376,92.0,70.0
230,Madhya Pradesh,Burhanpur,21.364567254408065,76.24460478589425,467,MADHYA PRADESH,757847,233073,175606,95.0,54.0
231,Madhya Pradesh,Chhatarpur,24.813637376460004,79.56449299191374,425,MADHYA PRADESH,1762375,572010,371023,88.0,54.0
232,Madhya Pradesh,Chhindwara,22.227966971713823,78.76413136439254,455,MADHYA PRADESH,2090922,731294,562904,96.0,62.0
233,Madhya Pradesh,Damoh,23.76624407960196,79.47049303482588,428,MADHYA PRADESH,1264219,445737,301978,91.0,59.0
234,Madhya Pradesh,Datia,25.90226439560441,78.63916571428574,422,MADHYA PRADESH,786754,303815,187630,87.0,62.0
235,Madhya Pradesh,Dewas,22.7851110021322,76.46088805970157,437,MADHYA PRADESH,1563715,550716,374653,94.0,59.0
236,Madhya Pradesh,Dhar,22.572681718963157,75.1105620736698,438,MADHYA PRADESH,2185793,638479,438859,96.0,49.0
237,Madhya Pradesh,Dindori,22.83738437047757,81.04332966714911,453,MADHYA PRADESH,704524,222759,155955,100.0,54.0
238,Madhya Pradesh,Guna,24.49043927178156,77.2235895968791,458,MADHYA PRADESH,1241519,400537,253443,91.0,53.0
239,Madhya Pradesh,Gwalior,26.04074441964285,78.12782433035713,421,MADHYA PRADESH,2032036,803114,554096,86.0,67.0
240,Madhya Pradesh,Harda,22.227659781121783,77.07022571819435,448,MADHYA PRADESH,570465,203807,148743,93.0,62.0
241,Madhya Pradesh,Hoshangabad,22.595268801996703,78.02168094841929,449,MADHYA PRADESH,1241350,469199,341445,91.0,65.0
242,Madhya Pradesh,Indore,22.680265752128648,75.9133801324502,439,MADHYA PRADESH,3276697,1289631,1019499,93.0,70.0
243,Madhya Pradesh,Jabalpur,23.18525572327043,79.98328754716981,451,MADHYA PRADESH,2463289,980307,776161,93.0,71.0
244,Madhya Pradesh,Jhabua,22.419578015397768,74.40921616766468,464,MADHYA PRADESH,1025048,214582,137499,99.0,34.0
245,Madhya Pradesh,Katni,23.724416229116937,80.33819665871127,450,MADHYA PRADESH,1292042,460583,330190,95.0,61.0
246,Madhya Pradesh,Mandla,22.70348712446353,80.38600543633753,454,MADHYA PRADESH,1054905,348033,256929,101.0,57.0
247,Madhya Pradesh,Mandsaur,24.19278764044944,75.43588667736759,433,MADHYA PRADESH,1340411,502898,331693,96.0,62.0
248,Madhya Pradesh,Morena,26.37313504531724,77.88447341389724,419,MADHYA PRADESH,1965970,747652,432033,84.0,60.0
249,Madhya Pradesh,Neemuch,24.70311893333336,75.06608186666664,432,MADHYA PRADESH,826067,307889,200945,95.0,62.0
250,Madhya Pradesh,Panna,24.451325840092657,80.21133001158752,426,MADHYA PRADESH,1016520,332140,220419,91.0,54.0
251,Madhya Pradesh,Raisen,23.292518206521724,78.16305495923909,446,MADHYA PRADESH,1331597,479093,341127,90.0,62.0
252,Madhya Pradesh,Rajgarh,23.785499026425583,76.66431223922116,442,MADHYA PRADESH,1545814,488797,315448,96.0,52.0
253,Madhya Pradesh,Ratlam,23.503562290502792,75.14895782122909,434,MADHYA PRADESH,1455069,485090,340790,97.0,57.0
254,Madhya Pradesh,Rewa,24.861184625158856,81.57572465057183,430,MADHYA PRADESH,2365106,845572,596185,93.0,61.0
255,Madhya Pradesh,Sagar,23.800318709677374,78.71940357771273,427,MADHYA PRADESH,2378458,908607,637112,89.0,65.0
256,Madhya Pradesh,Satna,24.62777621776502,80.75547048710598,429,MADHYA PRADESH,2228935,801051,570730,93.0,62.0
257,Madhya Pradesh,Sehore,22.9297199679658,77.06780202883085,445,MADHYA PRADESH,1311332,469208,311154,92.0,60.0
258,Madhya Pradesh,Seoni,22.33230487804874,79.66053863928111,456,MADHYA PRADESH,1379131,485341,378853,98.0,63.0
259,Madhya Pradesh,Shahdol,23.44859864559819,81.4596831828442,460,MADHYA PRADESH,1066063,348761,255433,97.0,57.0
260,Madhya Pradesh,Shajapur,23.566620317220547,76.33555181268885,436,MADHYA PRADESH,1512681,543509,351103,94.0,59.0
261,Madhya Pradesh,Sheopur,25.78014810996563,77.16911116838484,418,MADHYA PRADESH,687861,208201,119824,90.0,48.0
262,Madhya Pradesh,Shivpuri,25.37802451874367,77.74861600810549,423,MADHYA PRADESH,1726050,573242,327604,88.0,52.0
263,Madhya Pradesh,Sidhi,24.17547189952905,82.1053783359498,462,MADHYA PRADESH,1127033,353030,247755,96.0,53.0
264,Madhya Pradesh,Tikamgarh,25.14099852104666,78.89357064846428,424,MADHYA PRADESH,1445166,459353,288587,90.0,52.0
265,Madhya Pradesh,Ujjain,23.319288862745065,75.80383717647058,435,MADHYA PRADESH,1986864,730817,510173,96.0,62.0
266,Madhya Pradesh,Umaria,23.59601063063061,80.90879477477475,431,MADHYA PRADESH,644758,210907,145765,95.0,55.0
267,Madhya Pradesh,Vidisha,23.82838307984792,77.9013507604563,443,MADHYA PRADESH,1458875,512344,350574,90.0,59.0
268,Maharashtra,Akola,20.746310479041902,77.12122320359276,501,MAHARASHTRA,1813906,758977,652304,95.0,78.0
269,Maharashtra,Amravati,21.16520991810736,77.67583503184723,503,MAHARASHTRA,2888445,1207104,1044771,95.0,78.0
270,Maharashtra,Aurangabad,20.0979228832952,75.32072196796334,235,BIHAR,2540073,868733,597269,93.0,58.0
271,Maharashtra,Aurangabad,20.0979228832952,75.32072196796334,515,MAHARASHTRA,3701282,1430936,1072901,92.0,68.0
272,Maharashtra,Bhandara,21.211792649727748,80.10950199637024,506,MAHARASHTRA,1200334,488709,411151,98.0,75.0
273,Maharashtra,Bid,18.952353340080982,75.69319706477731,523,MAHARASHTRA,2585049,987185,731322,92.0,66.0
274,Maharashtra,Buldana,20.56680611183355,76.39017880364096,500,MAHARASHTRA,2586258,1048892,830982,93.0,73.0
275,Maharashtra,Chandrapur,20.095609090909075,79.31556380471388,509,MAHARASHTRA,2204307,872565,706050,96.0,72.0
276,Maharashtra,Dhule,21.274018690400517,74.58719071837263,498,MAHARASHTRA,2050862,723388,570528,95.0,63.0
277,Maharashtra,Gondiya,21.225008411214997,80.17522698598128,507,MAHARASHTRA,1322507,542837,461406,100.0,76.0
278,Maharashtra,Hingoli,19.59525302245251,77.09239412780653,512,MAHARASHTRA,1177345,450551,340192,94.0,67.0
279,Maharashtra,Jalgaon,20.8828943415638,75.55140421810695,499,MAHARASHTRA,4229917,1629223,1262659,92.0,68.0
280,Maharashtra,Jalna,19.984612534818933,75.98473607242339,514,MAHARASHTRA,1959046,699428,496095,94.0,61.0
281,Maharashtra,Kolhapur,16.44881301587301,74.12897150793648,530,MAHARASHTRA,3876001,1559760,1266085,96.0,73.0
282,Maharashtra,Latur,18.348687268993856,76.75812607802874,524,MAHARASHTRA,2454196,932432,718240,93.0,67.0
283,Maharashtra,Nagpur,21.196556862745105,79.02166176470584,505,MAHARASHTRA,4653570,1959220,1714588,95.0,79.0
284,Maharashtra,Nanded,19.209316983017,77.6829048951049,511,MAHARASHTRA,3361292,1255222,934203,94.0,65.0
285,Maharashtra,Nandurbar,21.523175625248147,74.32638757443429,497,MAHARASHTRA,1648295,512099,394410,98.0,55.0
286,Maharashtra,Nashik,20.266912871287143,74.03824168316828,516,MAHARASHTRA,6107187,2397538,1947828,93.0,71.0
287,Maharashtra,Osmanabad,18.19459456066944,75.99495575313809,525,MAHARASHTRA,1657576,644304,493506,92.0,69.0
288,Maharashtra,Parbhani,19.31032425249168,76.70163338870431,513,MAHARASHTRA,1836086,666291,491523,95.0,63.0
289,Maharashtra,Pune,18.51696171428573,74.12922881632647,521,MAHARASHTRA,9429408,3940210,3231513,91.0,76.0
290,Maharashtra,Raigarh,18.453257637845976,73.0090609418579,403,CHHATTISGARH,1493984,542756,408883,99.0,64.0
291,Maharashtra,Raigarh,18.453257637845976,73.0090609418579,520,MAHARASHTRA,2634200,1059692,880302,96.0,74.0
292,Maharashtra,Ratnagiri,17.210195070127703,73.25725893866404,528,MAHARASHTRA,1615069,619012,580380,112.0,74.0
293,Maharashtra,Sangli,17.154930181086502,74.70713822937628,531,MAHARASHTRA,2822143,1121550,927917,97.0,73.0
294,Maharashtra,Satara,17.6737908974359,74.18052064102558,527,MAHARASHTRA,3003741,1201034,1024660,99.0,74.0
295,Maharashtra,Sindhudurg,16.170948049777163,73.51329008172343,529,MAHARASHTRA,849651,348289,317778,104.0,78.0
296,Maharashtra,Solapur,17.837357937584812,75.42394823609216,526,MAHARASHTRA,4317756,1651266,1259410,94.0,67.0
297,Maharashtra,Thane,19.698767747440264,72.79882742564581,517,MAHARASHTRA,11060148,4591396,3635765,89.0,74.0
298,Maharashtra,Wardha,20.80743024390242,78.57259105691062,504,MAHARASHTRA,1300774,552617,466841,95.0,78.0
299,Maharashtra,Washim,20.282282394366213,77.25502394366208,502,MAHARASHTRA,1197160,487703,382214,93.0,73.0
300,Maharashtra,Yavatmal,20.04258346738159,78.05326371760479,510,MAHARASHTRA,2772348,1115980,906594,95.0,73.0
301,Manipur,Bishnupur,24.50712111801243,93.8246236024845,275,MANIPUR,237399,87313,69020,100.0,66.0
302,Manipur,Chandel,24.2635812987013,94.09443844155844,280,MANIPUR,144182,51053,39249,93.0,63.0
303,Manipur,Churachandpur,24.30309718875504,93.38671506024085,274,MANIPUR,274143,104013,91922,97.0,71.0
304,Manipur,Senapati,25.08465586034914,94.03366234413956,272,MANIPUR,479148,148012,116465,94.0,55.0
305,Manipur,Tamenglong,24.98312942238265,93.49450740072204,273,MANIPUR,140651,47403,37603,94.0,60.0
306,Manipur,Thoubal,24.545392553191498,93.97959893617023,276,MANIPUR,422168,152617,116687,100.0,64.0
307,Manipur,Ukhrul,25.05900314960629,94.44129566929138,279,MANIPUR,183998,70148,59681,94.0,71.0
308,Meghalaya,East Garo Hills,25.82728228228228,90.64684924924916,294,MEGHALAYA,317917,102513,89634,97.0,60.0
309,Meghalaya,East Khasi Hills,25.303763888888884,91.75922519841272,298,MEGHALAYA,825922,287270,290760,101.0,70.0
310,Meghalaya,Jaintia Hills,25.33959557069844,92.37608160136298,299,MEGHALAYA,395124,87371,100156,101.0,47.0
311,Meghalaya,South Garo Hills,25.240568578553614,90.64560349127176,295,MEGHALAYA,142334,45003,37059,95.0,58.0
312,Meghalaya,West Garo Hills,25.495285185185185,90.03709947089942,293,MEGHALAYA,643291,193438,165264,98.0,56.0
313,Meghalaya,West Khasi Hills,25.500889926739926,91.25364542124538,296,MEGHALAYA,383461,117307,113371,98.0,60.0
314,Mizoram,Aizawl,23.90781335453101,92.85359459459472,283,MIZORAM,400309,169547,171048,101.0,85.0
315,Mizoram,Champhai,23.54166580976866,93.24221799485862,284,MIZORAM,125745,51440,49362,98.0,80.0
316,Mizoram,Kolasib,24.2020004347826,92.73470391304348,282,MIZORAM,83955,34147,31748,96.0,78.0
317,Mizoram,Lawngtlai,22.36102843137253,92.66964156862753,287,MIZORAM,117894,36444,26417,95.0,53.0
318,Mizoram,Lunglei,23.007717036172675,92.63512555425892,286,MIZORAM,161428,64515,56607,95.0,75.0
319,Mizoram,Mamit,23.73852942502819,92.4330803833147,281,MIZORAM,86364,32977,27214,93.0,70.0
320,Mizoram,Saiha,22.35744801061008,93.02827931034489,288,MIZORAM,56574,21861,20372,98.0,75.0
321,Mizoram,Serchhip,23.263864705882344,92.914158496732,285,MIZORAM,64937,27598,26878,98.0,84.0
322,Nagaland,Dimapur,25.814176811594223,93.75074057971014,265,NAGALAND,378811,150142,127895,92.0,73.0
323,Nagaland,Kohima,25.60311428571428,93.78600657596373,270,NAGALAND,267988,107038,90451,93.0,74.0
324,Nagaland,Mokokchung,26.478911764705888,94.522426006192,262,NAGALAND,194622,83479,76015,93.0,82.0
325,Nagaland,Mon,26.69207374301676,95.03072988826828,261,NAGALAND,250260,67432,52194,90.0,48.0
326,Nagaland,Phek,25.63272986577182,94.56814563758392,266,NAGALAND,163418,57926,47967,95.0,65.0
327,Nagaland,Tuensang,26.21104453280316,94.85809880715708,267,NAGALAND,196596,63653,53858,93.0,60.0
328,Nagaland,Wokha,26.202611551155112,94.1990815181518,264,NAGALAND,166343,67385,60823,97.0,77.0
329,Nagaland,Zunheboto,26.028178205128206,94.50026666666668,263,NAGALAND,140757,53504,49377,98.0,73.0
330,Orissa,Baleshwar,21.48570932311624,87.08085828011933,377,ORISSA,2320529,902359,718873,96.0,70.0
331,Orissa,Bhadrak,20.95262735257214,86.81496204516931,378,ORISSA,1506337,596269,497871,98.0,73.0
332,Orissa,Cuttack,20.407640646029623,85.7776810228802,381,ORISSA,2624470,1103033,908436,94.0,77.0
333,Orissa,Dhenkanal,20.79887159353349,85.53226836027711,383,ORISSA,1192811,464093,365817,95.0,70.0
334,Orissa,Gajapati,19.121080882352945,84.14015091911759,389,ORISSA,577817,153663,108874,104.0,45.0
335,Orissa,Ganjam,19.2632617564534,84.80297710437702,388,ORISSA,3529031,1262652,947398,98.0,63.0
336,Orissa,Jharsuguda,21.827058566978184,83.93581682242987,371,ORISSA,579505,228092,177787,95.0,70.0
337,Orissa,Kalahandi,19.784253092783523,83.1124043814433,395,ORISSA,1576869,484177,317859,100.0,51.0
338,Orissa,Kandhamal,20.092878624813142,84.02216352765326,390,ORISSA,733110,233900,165886,104.0,55.0
339,Orissa,Kendrapara,20.606319815982264,86.83763247572003,379,ORISSA,1440361,579970,509295,101.0,76.0
340,Orissa,Khordha,20.054162322274863,85.52234834123229,386,ORISSA,2251673,957515,792421,93.0,78.0
341,Orissa,Koraput,18.82627794779476,82.81278469846964,398,ORISSA,1379647,340843,227247,103.0,41.0
342,Orissa,Malkangiri,18.25227930367506,81.98293636363628,399,ORISSA,613192,147001,97705,102.0,40.0
343,Orissa,Mayurbhanj,21.897621545157754,86.4030408052231,376,ORISSA,2519738,794171,575226,101.0,54.0
344,Orissa,Nayagarh,20.192895622119817,85.05614700460825,385,ORISSA,962789,392333,296029,92.0,71.0
345,Orissa,Nuapada,20.471309512195116,82.59152536585364,394,ORISSA,610382,180903,118480,102.0,49.0
346,Orissa,Puri,19.83509174603177,85.86698989898981,387,ORISSA,1698730,704857,587082,96.0,76.0
347,Orissa,Rayagada,19.292840020060204,83.45860120361095,396,ORISSA,967911,241959,165776,105.0,42.0
348,Orissa,Sambalpur,21.515752380952385,84.34958483245157,372,ORISSA,1041099,393192,310499,98.0,68.0
349,Orissa,Sundargarh,22.06354819277107,84.50524819277099,374,ORISSA,2093437,750147,592175,97.0,64.0
350,Puducherry,Karaikal,10.876161726078813,79.82369793621002,637,PONDICHERRY,200222,79903,75013,105.0,77.0
351,Puducherry,Mahe,12.006420793787758,75.28275021570326,636,PONDICHERRY,41816,16610,19860,118.0,87.0
352,Puducherry,Yanam,16.707695652173904,82.26187304347832,634,PONDICHERRY,55626,19919,19355,104.0,71.0
353,Punjab,Amritsar,31.548679820627772,74.79883856502238,49,PUNJAB,2490656,932981,751789,89.0,68.0
354,Punjab,Bathinda,30.190524611973352,75.05685898004438,46,PUNJAB,1388525,488261,356607,87.0,61.0
355,Punjab,Faridkot,30.591187250996025,74.79751553784862,45,PUNJAB,617508,215767,165518,89.0,62.0
356,Punjab,Fatehgarh Sahib,30.64290947368421,76.36208394736842,40,PUNJAB,600163,238696,187337,87.0,71.0
357,Punjab,Firozpur,30.63407535211269,74.40245732394365,43,PUNJAB,2029074,707070,520441,89.0,60.0
358,Punjab,Gurdaspur,32.04283371212125,75.3204064393939,35,PUNJAB,2298323,907660,727059,90.0,71.0
359,Punjab,Hoshiarpur,31.55157169811319,75.8469857442349,38,PUNJAB,1586625,637927,561772,96.0,76.0
360,Punjab,Jalandhar,31.250336907216507,75.54400350515463,37,PUNJAB,2193590,882581,739956,92.0,74.0
361,Punjab,Kapurthala,31.336592638036837,75.47641165644177,36,PUNJAB,815168,316254,260313,91.0,71.0
362,Punjab,Ludhiana,30.76596397379912,75.83110851528383,41,PUNJAB,3498739,1428348,1131877,87.0,73.0
363,Punjab,Mansa,29.919547714285724,75.4304922857143,47,PUNJAB,769751,244037,179523,88.0,55.0
364,Punjab,Moga,30.756540067340065,75.1600845117845,42,PUNJAB,995746,348549,279340,89.0,63.0
365,Punjab,Muktsar,30.31243303303303,74.5518747747748,44,PUNJAB,901896,300401,224447,90.0,58.0
366,Punjab,Patiala,30.214540380693364,76.27505893949697,48,PUNJAB,1895686,711052,555739,89.0,67.0
367,Punjab,Rupnagar,30.910937330754347,76.53743500967126,51,PUNJAB,684627,278534,224197,92.0,73.0
368,Punjab,Sangrur,30.185045204336895,75.89437014178496,53,PUNJAB,1655169,570413,431664,89.0,61.0
369,Rajasthan,Ajmer,26.199300378787903,74.6990419191919,119,RAJASTHAN,2583052,926268,600405,95.0,59.0
370,Rajasthan,Alwar,27.55271738035265,76.65359630562563,104,RAJASTHAN,3674179,1359829,822647,89.0,59.0
371,Rajasthan,Banswara,23.453642032967014,74.44246868131869,125,RAJASTHAN,1797485,513854,315489,98.0,46.0
372,Rajasthan,Baran,24.98023243243244,76.86210651828291,128,RAJASTHAN,1222755,432607,260700,93.0,57.0
373,Rajasthan,Barmer,25.77070908045978,71.50297126436782,115,RAJASTHAN,2603751,783461,404861,90.0,46.0
374,Rajasthan,Bharatpur,27.32411858037578,77.21752077244258,105,RAJASTHAN,2548462,943910,536959,88.0,58.0
375,Rajasthan,Bhilwara,25.45119767759564,74.63947595628417,122,RAJASTHAN,2408523,777582,478544,97.0,52.0
376,Rajasthan,Bikaner,28.12489068322981,73.26943322981371,101,RAJASTHAN,2363937,782399,496402,91.0,54.0
377,Rajasthan,Bundi,25.48580716049379,75.79984074074079,121,RAJASTHAN,1110906,371705,213339,92.0,53.0
378,Rajasthan,Chittaurgarh,24.631623761665463,74.80010997846382,126,RAJASTHAN,1544338,514851,306974,97.0,53.0
379,Rajasthan,Churu,28.29330375536484,74.65846427038629,102,RAJASTHAN,2039547,696729,452540,94.0,56.0
380,Rajasthan,Dausa,26.91234817629181,76.57342097264443,109,RAJASTHAN,1634409,596935,341116,91.0,57.0
381,Rajasthan,Dhaulpur,26.72397054945053,77.74476219780222,106,RAJASTHAN,1206516,435721,247377,85.0,57.0
382,Rajasthan,Dungarpur,23.75104807692308,73.84765641025645,124,RAJASTHAN,1388552,415820,265771,99.0,49.0
383,Rajasthan,Ganganagar,29.256785412667963,73.56192303262948,99,RAJASTHAN,1969168,710908,482435,89.0,61.0
384,Rajasthan,Hanumangarh,29.1813351791531,74.74632573289902,100,RAJASTHAN,1774692,624281,409855,91.0,58.0
385,Rajasthan,Jaipur,27.033459290187885,75.77117286012533,110,RAJASTHAN,6626178,2554793,1746172,91.0,65.0
386,Rajasthan,Jaisalmer,26.86900838548185,71.18371877346682,114,RAJASTHAN,669919,210415,98238,85.0,46.0
387,Rajasthan,Jalor,25.07578093797277,72.18647261724662,116,RAJASTHAN,1828730,543923,285659,95.0,45.0
388,Rajasthan,Jhalawar,24.24725541474657,76.11242891705065,129,RAJASTHAN,1411129,466815,272977,95.0,52.0
389,Rajasthan,Jhunjhunun,28.13517401247401,75.52840893970894,103,RAJASTHAN,2137045,815834,554526,95.0,64.0
390,Rajasthan,Jodhpur,26.678460838536967,73.00450847457628,113,RAJASTHAN,3687165,1265753,765779,92.0,55.0
391,Rajasthan,Karauli,26.51901555555556,76.96081818181815,107,RAJASTHAN,1458248,531904,273945,86.0,55.0
392,Rajasthan,Kota,25.175718080000014,76.18618928000001,127,RAJASTHAN,1951014,765396,532949,91.0,67.0
393,Rajasthan,Nagaur,27.07862016048146,74.14215667001012,112,RAJASTHAN,3307743,1102750,655874,95.0,53.0
394,Rajasthan,Pali,25.80490393541874,73.55285640766907,118,RAJASTHAN,2037573,667381,418312,99.0,53.0
395,Rajasthan,Rajsamand,25.24894767441859,73.96570215946844,123,RAJASTHAN,1156597,383334,235805,99.0,54.0
396,Rajasthan,Sawai Madhopur,26.251081180223288,76.4219283891548,108,RAJASTHAN,1335551,486184,255564,90.0,56.0
397,Rajasthan,Sikar,27.64644058641976,75.29317422839503,111,RAJASTHAN,2677333,995275,656842,95.0,62.0
398,Rajasthan,Sirohi,24.7976905263158,72.75309131578943,117,RAJASTHAN,1036346,309900,166906,94.0,46.0
399,Rajasthan,Tonk,26.153935071707927,75.79192216427637,120,RAJASTHAN,1421326,478329,271330,95.0,53.0
400,Rajasthan,Udaipur,24.44076752136749,73.84029839743584,130,RAJASTHAN,3068420,973444,609185,96.0,52.0
401,Sikkim,East,27.29600352941175,88.74908392156858,93,NCT OF DELHI,1709346,748382,604616,88.0,79.0
402,Tamil Nadu,Ariyalur,11.190514836795256,79.22249643916912,616,TAMIL NADU,754894,269582,211022,101.0,64.0
403,Tamil Nadu,Chennai,13.058098905608748,80.28139151846806,603,TAMIL NADU,4646732,1968079,1808197,99.0,81.0
404,Tamil Nadu,Coimbatore,10.871376995940452,77.07619012178621,632,TAMIL NADU,3458045,1394790,1241117,100.0,76.0
405,Tamil Nadu,Cuddalore,11.57587300613498,79.63002365371497,617,TAMIL NADU,2605914,1000322,814959,99.0,70.0
406,Tamil Nadu,Dharmapuri,12.300141200000006,78.11509813333339,630,TAMIL NADU,1506843,527599,390110,95.0,61.0
407,Tamil Nadu,Dindigul,10.377801390820574,77.78011279554937,612,TAMIL NADU,2159775,816180,665654,100.0,69.0
408,Tamil Nadu,Erode,11.267012155963302,77.42034334862392,610,TAMIL NADU,2251744,828300,664362,99.0,66.0
409,Tamil Nadu,Kancheepuram,12.496424756511884,80.08820360135913,604,TAMIL NADU,3998252,1611461,1401921,99.0,75.0
410,Tamil Nadu,Kanniyakumari,8.183466300191206,77.32053064053538,629,TAMIL NADU,1870374,780541,768197,102.0,83.0
411,Tamil Nadu,Karur,10.79532776617955,78.08749686847604,613,TAMIL NADU,1064493,401726,325318,102.0,68.0
412,Tamil Nadu,Madurai,9.904313833333331,78.01366033333332,623,TAMIL NADU,3038252,1223810,1049620,99.0,75.0
413,Tamil Nadu,Nagapattinam,10.789468161718286,79.79437299431483,618,TAMIL NADU,1616450,640916,572092,103.0,75.0
414,Tamil Nadu,Namakkal,11.33766638477801,78.14624841437633,609,TAMIL NADU,1726601,653312,522819,99.0,68.0
415,Tamil Nadu,Perambalur,11.260137758112096,78.86034011799416,615,TAMIL NADU,565223,208011,167812,100.0,66.0
416,Tamil Nadu,Pudukkottai,10.130514816433578,79.05444484265728,621,TAMIL NADU,1618345,608776,501769,101.0,69.0
417,Tamil Nadu,Ramanathapuram,9.31286995153476,78.99185362412462,626,TAMIL NADU,1353445,536487,442459,98.0,72.0
418,Tamil Nadu,Salem,11.629324202127655,78.2478257978723,608,TAMIL NADU,3482056,1285107,1000455,95.0,66.0
419,Tamil Nadu,Sivaganga,9.960306580645158,78.56535729032255,622,TAMIL NADU,1339101,526304,433440,100.0,72.0
420,Tamil Nadu,Thanjavur,10.387692255892237,79.3194869107745,620,TAMIL NADU,2405890,944264,846734,103.0,74.0
421,Tamil Nadu,Theni,9.924066666666668,77.43458833333332,624,TAMIL NADU,1245899,479403,390677,99.0,70.0
422,Tamil Nadu,Thiruvallur,13.275858101752885,80.19724702864492,602,TAMIL NADU,3728104,1495711,1296010,99.0,75.0
423,Tamil Nadu,Thiruvarur,10.368927409395978,79.60322893959727,619,TAMIL NADU,1264277,503085,443386,102.0,75.0
424,Tamil Nadu,Tiruvannamalai,12.419318947368414,79.23265631578953,606,TAMIL NADU,2464875,909803,717010,99.0,66.0
425,Tamil Nadu,Vellore,12.784882632293078,79.02643283582084,605,TAMIL NADU,3936331,1504355,1269573,101.0,70.0
426,Tamil Nadu,Virudhunagar,9.468872195892564,77.87641469194315,625,TAMIL NADU,1942288,760375,638413,101.0,72.0
427,Tripura,Dhalai,23.781360477941163,91.94654283088232,291,TRIPURA,378230,151643,124574,94.0,73.0
428,Tripura,North Tripura,24.121739755351683,92.17842538226292,292,TRIPURA,693947,275646,244756,97.0,75.0
429,Tripura,South Tripura,23.211874098057383,91.6065807585568,290,TRIPURA,876001,351082,295728,96.0,74.0
430,Tripura,West Tripura,23.780166241299337,91.41310788863107,289,TRIPURA,1725739,722998,638356,96.0,79.0
431,Uttar Pradesh,Agra,26.99512974910393,78.05278291517321,146,UTTAR PRADESH,4418797,1614594,1065916,87.0,61.0
432,Uttar Pradesh,Aligarh,27.93748576850093,78.00146831119557,143,UTTAR PRADESH,3673889,1283380,809187,88.0,57.0
433,Uttar Pradesh,Allahabad,25.392038662316445,82.05172446982063,175,UTTAR PRADESH,5954391,2199340,1466387,90.0,62.0
434,Uttar Pradesh,Ambedkar Nagar,26.39119025974028,82.68282142857147,178,UTTAR PRADESH,2397888,846676,640263,98.0,62.0
435,Uttar Pradesh,Auraiya,26.66892394014961,79.42637057356607,162,UTTAR PRADESH,1379545,546198,384638,86.0,67.0
436,Uttar Pradesh,Azamgarh,26.008290954773837,83.01220251256285,191,UTTAR PRADESH,4613913,1559414,1212503,102.0,60.0
437,Uttar Pradesh,Baghpat,29.045793499999988,77.30266300000001,139,UTTAR PRADESH,1303048,489858,308112,86.0,61.0
438,Uttar Pradesh,Bahraich,27.691776300578027,81.46779783237004,180,UTTAR PRADESH,3487731,878285,520083,89.0,40.0
439,Uttar Pradesh,Ballia,25.86075638297873,84.03651978723408,193,UTTAR PRADESH,3239774,1160960,802630,94.0,61.0
440,Uttar Pradesh,Balrampur,27.449076537911324,82.47158326180256,182,UTTAR PRADESH,2148665,544943,323414,93.0,40.0
441,Uttar Pradesh,Banda,25.351885902503284,80.52487391304344,170,UTTAR PRADESH,1799410,630626,372311,86.0,56.0
442,Uttar Pradesh,Bara Banki,26.922777025232424,81.35762350597606,176,UTTAR PRADESH,3260699,1010518,681940,91.0,52.0
443,Uttar Pradesh,Bareilly,28.51101940789474,79.43187072368416,150,UTTAR PRADESH,4448359,1342697,849062,89.0,49.0
444,Uttar Pradesh,Basti,26.833880454545447,82.69790590909092,185,UTTAR PRADESH,2464464,819719,574064,96.0,57.0
445,Uttar Pradesh,Bijnor,29.313974259681096,78.45098815489754,134,UTTAR PRADESH,3682713,1241471,893922,92.0,58.0
446,Uttar Pradesh,Bulandshahr,28.34875862068968,78.01082758620684,142,UTTAR PRADESH,3499171,1253314,778342,90.0,58.0
447,Uttar Pradesh,Chandauli,25.1180859611231,83.25307062634984,196,UTTAR PRADESH,1952756,699454,475152,92.0,60.0
448,Uttar Pradesh,Chitrakoot,25.159924623803,81.07666087551297,171,UTTAR PRADESH,991730,330339,200733,88.0,54.0
449,Uttar Pradesh,Deoria,26.42218856548857,83.8244070686071,190,UTTAR PRADESH,3100946,1079288,795951,102.0,60.0
450,Uttar Pradesh,Etah,27.591155309734443,78.70021858407083,201,UTTAR PRADESH,1774480,647042,408160,87.0,59.0
451,Uttar Pradesh,Etawah,26.78817670157068,79.07621806282728,161,UTTAR PRADESH,1581810,623583,438420,87.0,67.0
452,Uttar Pradesh,Faizabad,26.60589185185181,82.00783530864202,177,UTTAR PRADESH,2470996,838339,612562,96.0,59.0
453,Uttar Pradesh,Farrukhabad,27.45063297872342,79.4406284574468,159,UTTAR PRADESH,1885204,654827,437850,87.0,58.0
454,Uttar Pradesh,Fatehpur,25.8374362030905,80.85416203090509,172,UTTAR PRADESH,2632733,911003,601163,90.0,57.0
455,Uttar Pradesh,Firozabad,27.20963993055552,78.42660624999998,147,UTTAR PRADESH,2498156,912314,609492,88.0,61.0
456,Uttar Pradesh,Gautam Buddha Nagar,28.393311038961038,77.52462467532465,141,UTTAR PRADESH,1648115,666065,456882,85.0,68.0
457,Uttar Pradesh,Ghaziabad,28.74997308584685,77.67441879350343,140,UTTAR PRADESH,4681645,1811397,1311867,88.0,67.0
458,Uttar Pradesh,Ghazipur,25.624724775583484,83.5360854578097,195,UTTAR PRADESH,3620268,1293553,903996,95.0,61.0
459,Uttar Pradesh,Gonda,27.157215552099505,82.0226888024882,183,UTTAR PRADESH,3433919,1034181,645813,92.0,49.0
460,Uttar Pradesh,Gorakhpur,26.63315886792452,83.3549560377358,188,UTTAR PRADESH,4440895,1593890,1106438,95.0,61.0
461,Uttar Pradesh,Hamirpur,25.738158381502892,79.82619479768789,28,HIMACHAL PRADESH,454768,180555,177536,110.0,79.0
462,Uttar Pradesh,Hamirpur,25.738158381502892,79.82619479768789,168,UTTAR PRADESH,1104285,408125,245174,86.0,59.0
463,Uttar Pradesh,Hardoi,27.337409090909137,80.26411767676768,155,UTTAR PRADESH,4092845,1374587,847014,87.0,54.0
464,Uttar Pradesh,Jalaun,26.067954587155988,79.36686911314993,165,UTTAR PRADESH,1689974,653430,421766,87.0,64.0
465,Uttar Pradesh,Jaunpur,25.70141280913127,82.54315351934063,194,UTTAR PRADESH,4494204,1565394,1166283,102.0,61.0
466,Uttar Pradesh,Jhansi,25.45581535234902,78.89954580536917,166,UTTAR PRADESH,1998603,783705,520808,89.0,65.0
467,Uttar Pradesh,Jyotiba Phule Nagar,28.870498984771597,78.39009365482241,137,UTTAR PRADESH,1840221,600541,382569,91.0,53.0
468,Uttar Pradesh,Kannauj,26.993988617886185,79.64437940379408,160,UTTAR PRADESH,1656616,603596,413491,88.0,61.0
469,Uttar Pradesh,Kanpur Dehat,26.43047641196011,79.98710083056478,163,UTTAR PRADESH,1796184,692964,477279,86.0,65.0
470,Uttar Pradesh,Kaushambi,25.53587532051282,81.41811282051287,174,UTTAR PRADESH,1599596,507279,306145,91.0,51.0
471,Uttar Pradesh,Kushinagar,26.892530675909864,83.92261542461007,189,UTTAR PRADESH,3564544,1183722,771098,96.0,55.0
472,Uttar Pradesh,Lalitpur,24.58877161016945,78.60082330508473,167,UTTAR PRADESH,1221592,397586,243605,91.0,52.0
473,Uttar Pradesh,Lucknow,26.838233589251463,80.89706026871404,157,UTTAR PRADESH,4589838,1742440,1384820,92.0,68.0
474,Uttar Pradesh,Mahoba,25.34529670138888,79.67863003472216,169,UTTAR PRADESH,875958,302283,185823,88.0,56.0
475,Uttar Pradesh,Mainpuri,27.17386862302482,79.03501851015807,148,UTTAR PRADESH,1868529,712110,491775,88.0,64.0
476,Uttar Pradesh,Mathura,27.59390432801821,77.62153416856502,145,UTTAR PRADESH,2547184,943346,564400,86.0,59.0
477,Uttar Pradesh,Mau,26.01082203791469,83.50582654028433,192,UTTAR PRADESH,2205968,773082,589962,98.0,62.0
478,Uttar Pradesh,Meerut,29.02957625698323,77.80611005586593,138,UTTAR PRADESH,3443689,1254520,886968,89.0,62.0
479,Uttar Pradesh,Mirzapur,25.10207959183675,82.60126628571429,199,UTTAR PRADESH,2496970,865837,562846,90.0,57.0
480,Uttar Pradesh,Moradabad,28.851770406189537,78.73580193423597,135,UTTAR PRADESH,4772006,1357435,906413,91.0,47.0
481,Uttar Pradesh,Muzaffarnagar,29.470507977736563,77.64017847866423,133,UTTAR PRADESH,4143512,1448528,968811,89.0,58.0
482,Uttar Pradesh,Pilibhit,28.52024175035868,79.90103974175037,151,UTTAR PRADESH,2031007,654290,406805,89.0,52.0
483,Uttar Pradesh,Pratapgarh,25.864842731707316,81.93530048780492,131,RAJASTHAN,867848,250122,151393,98.0,46.0
484,Uttar Pradesh,Pratapgarh,25.864842731707316,81.93530048780492,173,UTTAR PRADESH,3209141,1121381,810178,100.0,60.0
485,Uttar Pradesh,Rae Bareli,26.253902840059787,81.22260463378181,158,UTTAR PRADESH,3405559,1165965,799878,94.0,58.0
486,Uttar Pradesh,Rampur,28.83244727272725,79.10977333333337,136,UTTAR PRADESH,2335819,630408,413258,91.0,45.0
487,Uttar Pradesh,Saharanpur,30.03381165217392,77.59905147826095,132,UTTAR PRADESH,3466382,1220114,856994,89.0,60.0
488,Uttar Pradesh,Sant Kabir Nagar,26.791596516393444,83.0387764344262,186,UTTAR PRADESH,1715183,567098,387851,97.0,56.0
489,Uttar Pradesh,Shahjahanpur,27.991389350649328,79.8302275324675,152,UTTAR PRADESH,3006538,915142,575788,87.0,50.0
490,Uttar Pradesh,Sitapur,27.501995963091108,80.85288881199547,154,UTTAR PRADESH,4483992,1397702,886031,89.0,51.0
491,Uttar Pradesh,Sonbhadra,24.46693268858798,83.06816324951639,200,UTTAR PRADESH,1862559,601988,383720,92.0,53.0
492,Uttar Pradesh,Sultanpur,26.2846386419753,82.05710456790123,179,UTTAR PRADESH,3797117,1300248,939654,98.0,59.0
493,Uttar Pradesh,Unnao,26.63163990895297,80.636773292868,156,UTTAR PRADESH,3108367,1053063,720521,91.0,57.0
494,Uttar Pradesh,Varanasi,25.36057088888889,82.82529666666672,197,UTTAR PRADESH,3676841,1389116,1014787,91.0,65.0
495,Uttaranchal,Almora,29.683532133676103,79.50165064267351,64,UTTARAKHAND,622506,231604,204893,114.0,70.0
496,Uttaranchal,Bageshwar,29.98703393393397,79.83954354354357,63,UTTARAKHAND,259898,97546,81937,109.0,69.0
497,Uttaranchal,Chamoli,30.58338611464965,79.56281095541402,57,UTTARAKHAND,391605,155395,125161,102.0,72.0
498,Uttaranchal,Champawat,29.29142393939393,80.07720212121217,65,UTTARAKHAND,259648,102015,75711,98.0,68.0
499,Uttaranchal,Pithoragarh,30.14720631868129,80.34229230769236,62,UTTARAKHAND,483439,189623,155927,102.0,71.0
500,Uttaranchal,Tehri Garhwal,30.463700918635173,78.48783792650917,59,UTTARAKHAND,618931,227406,180588,108.0,66.0
501,Uttaranchal,Udham Singh Nagar,29.02779577677222,79.45629004524895,67,UTTARAKHAND,1648902,598525,439314,92.0,63.0
502,Uttaranchal,Uttarkashi,30.968958552036234,78.56880615384617,56,UTTARAKHAND,330086,128237,86889,96.0,65.0
503,West Bengal,Bankura,23.081280892857155,87.12640053571437,339,WEST BENGAL,3596674,1299337,933655,96.0,62.0
504,West Bengal,Barddhaman,23.444453888888884,87.8150581111111,335,WEST BENGAL,7717563,2918040,2329168,95.0,68.0
505,West Bengal,Birbhum,24.06389342723,87.65153089201888,334,WEST BENGAL,3502404,1201481,956966,96.0,62.0
506,West Bengal,Dakshin Dinajpur,25.342094363021435,88.69821679819614,331,WEST BENGAL,1676276,596474,487211,96.0,65.0
507,West Bengal,Darjiling,26.839619571045585,88.33145067024122,327,WEST BENGAL,1846823,717673,597912,97.0,71.0
508,West Bengal,Haora,22.401674174428507,87.99421176968654,341,WEST BENGAL,4850029,1942824,1662382,94.0,74.0
509,West Bengal,Hugli,22.87929264705881,88.00010264705891,338,WEST BENGAL,5519145,2211777,1866611,96.0,74.0
510,West Bengal,Jalpaiguri,26.62642031250004,89.04154375000003,328,WEST BENGAL,3872846,1396622,1102158,95.0,65.0
511,West Bengal,Kolkata,22.550581481481483,88.3527648148148,342,WEST BENGAL,4496694,1926915,1661222,91.0,80.0
512,West Bengal,Maldah,25.08026802575105,88.17191684549356,332,WEST BENGAL,3988845,1152019,934413,94.0,52.0
513,West Bengal,Murshidabad,24.25950655391121,88.16816860465121,333,WEST BENGAL,7103807,2177187,1878647,96.0,57.0
514,West Bengal,Nadia,23.56410971055088,88.58293034547152,336,WEST BENGAL,5167600,1878866,1601689,95.0,67.0
515,West Bengal,Puruliya,23.254192328767108,86.3968532876713,340,WEST BENGAL,2930115,1002058,622847,96.0,55.0
516,West Bengal,Uttar Dinajpur,26.044619165196977,88.23595232216337,330,WEST BENGAL,3007134,853495,636172,94.0,50.0
